Date,RD,Temp,Prec
01/01/1985,3.39,8.1,0
02/01/1985,3.28,8.1,0
03/01/1985,3.3,8.1,0
04/01/1985,4.14,8.1,7.9
05/01/1985,8.98,8.1,38.1
06/01/1985,5.41,8.1,5.9
07/01/1985,3.72,8.1,0
08/01/1985,3.4,8.1,0
09/01/1985,3.28,8.1,0
10/01/1985,3.25,8.1,0
11/01/1985,3.17,8.1,0
12/01/1985,3.14,8.1,0
13/01/1985,3.05,8.1,0
14/01/1985,3.01,8.1,0
15/01/1985,3.41,8.1,0
16/01/1985,4.6,8.1,1
17/01/1985,7.92,8.1,24.6
18/01/1985,6.51,8.1,16.6
19/01/1985,6.48,8.1,2.4
20/01/1985,9.06,8.1,16.4
21/01/1985,6.92,8.1,25.1
22/01/1985,7.19,8.1,17.9
23/01/1985,8.02,8.1,24.6
24/01/1985,6.8,8.1,0
25/01/1985,23.3,8.1,18.5
26/01/1985,20.83,8.1,29.8
27/01/1985,9.35,8.1,24.2
28/01/1985,7.69,8.1,4.4
29/01/1985,6.59,8.1,1.3
30/01/1985,5.96,8.1,0
31/01/1985,5.57,8.1,0
01/02/1985,5.4,11.7,0
02/02/1985,5.25,11.7,0
03/02/1985,5.11,11.7,0
04/02/1985,5,11.7,0
05/02/1985,4.96,11.7,2.8
06/02/1985,5.23,11.7,0
07/02/1985,8.36,11.7,18.6
08/02/1985,19.13,11.7,41.2
09/02/1985,18.53,11.7,65.7
10/02/1985,19.81,11.7,30.3
11/02/1985,15.69,11.7,20.1
12/02/1985,13.57,11.7,5.6
13/02/1985,11.81,11.7,1.2
14/02/1985,10.6,11.7,4.5
15/02/1985,12.86,11.7,18.2
16/02/1985,11.53,11.7,11.4
17/02/1985,9.56,11.7,8.2
18/02/1985,7.93,11.7,4.3
19/02/1985,7.39,11.7,0.9
20/02/1985,6.98,11.7,0
21/02/1985,6.62,11.7,0
22/02/1985,6.13,11.7,0
23/02/1985,5.92,11.7,0
24/02/1985,5.69,11.7,0
25/02/1985,5.62,11.7,0
26/02/1985,5.42,11.7,5.3
27/02/1985,5.44,11.7,6.6
28/02/1985,5.75,11.7,7.6
01/03/1985,5.2,9.9,27.6
02/03/1985,6.94,9.9,5.4
03/03/1985,7.47,9.9,2.4
04/03/1985,7.28,9.9,24.2
05/03/1985,6.34,9.9,11.4
06/03/1985,5.99,9.9,0.9
07/03/1985,6.03,9.9,0
08/03/1985,5.8,9.9,2.5
09/03/1985,5.49,9.9,0
10/03/1985,5.02,9.9,0
11/03/1985,4.72,9.9,0
12/03/1985,4.5,9.9,0
13/03/1985,4.45,9.9,0
14/03/1985,4.35,9.9,0
15/03/1985,4.32,9.9,0
16/03/1985,4.24,9.9,0
17/03/1985,4.31,9.9,0.2
18/03/1985,4.28,9.9,0.8
19/03/1985,4.58,9.9,29.3
20/03/1985,4.9,9.9,19.7
21/03/1985,6.15,9.9,17.3
22/03/1985,10.62,9.9,44.4
23/03/1985,9.54,9.9,3.4
24/03/1985,7.32,9.9,0
25/03/1985,6.41,9.9,9.7
26/03/1985,5.97,9.9,0
27/03/1985,5.78,9.9,5.8
28/03/1985,5.52,9.9,2.1
29/03/1985,5.25,9.9,0
30/03/1985,4.97,9.9,19.1
31/03/1985,4.64,9.9,6.3
01/04/1985,4.39,14.1,0
02/04/1985,4.2,14.1,0
03/04/1985,4.09,14.1,0
04/04/1985,4.85,14.1,22.5
05/04/1985,6.4,14.1,38.7
06/04/1985,7.56,14.1,33.8
07/04/1985,9.36,14.1,17.2
08/04/1985,10.46,14.1,11.7
09/04/1985,10.93,14.1,25.5
10/04/1985,6.57,14.1,14.6
11/04/1985,9.07,14.1,0
12/04/1985,8.43,14.1,0
13/04/1985,7.46,14.1,0
14/04/1985,6.81,14.1,0
15/04/1985,6.23,14.1,0
16/04/1985,5.69,14.1,0
17/04/1985,5.37,14.1,0
18/04/1985,5.02,14.1,0
19/04/1985,4.98,14.1,0
20/04/1985,5.88,14.1,5.9
21/04/1985,7.06,14.1,25.3
22/04/1985,6.27,14.1,14.1
23/04/1985,5.42,14.1,0
24/04/1985,4.88,14.1,0.2
25/04/1985,4.59,14.1,2.4
26/04/1985,4.34,14.1,0
27/04/1985,4.11,14.1,0
28/04/1985,3.97,14.1,4.1
29/04/1985,3.85,14.1,0
30/04/1985,3.74,14.1,0
01/05/1985,3.74,13.8,0
02/05/1985,3.86,13.8,2.5
03/05/1985,4.04,13.8,0
04/05/1985,3.97,13.8,0
05/05/1985,3.83,13.8,3.8
06/05/1985,3.61,13.8,7.4
07/05/1985,3.4,13.8,0.6
08/05/1985,3.27,13.8,0
09/05/1985,3.16,13.8,0
10/05/1985,3.05,13.8,0
11/05/1985,2.95,13.8,0
12/05/1985,2.94,13.8,0
13/05/1985,2.92,13.8,0
14/05/1985,2.84,13.8,0
15/05/1985,2.83,13.8,1.7
16/05/1985,2.82,13.8,9.1
17/05/1985,2.74,13.8,0
18/05/1985,2.74,13.8,0
19/05/1985,2.8,13.8,0
20/05/1985,2.72,13.8,0
21/05/1985,2.63,13.8,0
22/05/1985,2.63,13.8,0
23/05/1985,2.7,13.8,0.2
24/05/1985,2.65,13.8,0
25/05/1985,2.74,13.8,0
26/05/1985,2.88,13.8,11.9
27/05/1985,2.74,13.8,46.2
28/05/1985,2.63,13.8,0.8
29/05/1985,2.62,13.8,0
30/05/1985,2.63,13.8,0
31/05/1985,2.71,13.8,0.5
01/06/1985,2.84,18,0
02/06/1985,3.1,18,3.2
03/06/1985,3.05,18,11.7
04/06/1985,2.94,18,3.1
05/06/1985,2.83,18,12.8
06/06/1985,2.71,18,6.5
07/06/1985,2.53,18,0.4
08/06/1985,2.42,18,0
09/06/1985,2.32,18,0
10/06/1985,2.23,18,0
11/06/1985,2.21,18,0
12/06/1985,2.12,18,0
13/06/1985,2.04,18,0
14/06/1985,2.02,18,0
15/06/1985,1.95,18,0
16/06/1985,1.92,18,2.4
17/06/1985,1.84,18,0
18/06/1985,1.75,18,0
19/06/1985,1.67,18,0
20/06/1985,1.58,18,0
21/06/1985,1.5,18,0
22/06/1985,1.42,18,0.6
23/06/1985,1.4,18,0
24/06/1985,1.34,18,0
25/06/1985,1.33,18,0
26/06/1985,1.32,18,0
27/06/1985,1.25,18,0
28/06/1985,1.19,18,0
29/06/1985,1.19,18,0
30/06/1985,1.24,18,0
01/07/1985,1.25,21.3,0
02/07/1985,1.24,21.3,1.4
03/07/1985,1.18,21.3,0
04/07/1985,1.1,21.3,0
05/07/1985,1.03,21.3,0
06/07/1985,0.96,21.3,0
07/07/1985,0.95,21.3,0
08/07/1985,0.89,21.3,0
09/07/1985,0.83,21.3,0
10/07/1985,0.83,21.3,0
11/07/1985,0.87,21.3,0
12/07/1985,0.82,21.3,0
13/07/1985,0.76,21.3,4.9
14/07/1985,0.75,21.3,0
15/07/1985,0.75,21.3,0
16/07/1985,0.7,21.3,0
17/07/1985,0.69,21.3,0
18/07/1985,0.69,21.3,0
19/07/1985,0.69,21.3,0
20/07/1985,0.68,21.3,0
21/07/1985,0.64,21.3,0
22/07/1985,0.67,21.3,0
23/07/1985,0.64,21.3,0
24/07/1985,0.63,21.3,0
25/07/1985,0.62,21.3,0
26/07/1985,0.58,21.3,0
27/07/1985,0.57,21.3,0
28/07/1985,0.58,21.3,0
29/07/1985,0.67,21.3,2.5
30/07/1985,0.64,21.3,14.4
31/07/1985,0.63,21.3,0
01/08/1985,0.63,19.5,0
02/08/1985,0.62,19.5,0
03/08/1985,0.58,19.5,0
04/08/1985,0.56,19.5,0
05/08/1985,0.47,19.5,0
06/08/1985,0.45,19.5,0
07/08/1985,0.41,19.5,0
08/08/1985,0.4,19.5,0
09/08/1985,0.36,19.5,0
10/08/1985,0.36,19.5,0
11/08/1985,0.36,19.5,0
12/08/1985,0.35,19.5,1.6
13/08/1985,0.31,19.5,0
14/08/1985,0.31,19.5,0
15/08/1985,0.31,19.5,0
16/08/1985,0.31,19.5,0
17/08/1985,0.31,19.5,0
18/08/1985,0.3,19.5,0
19/08/1985,0.27,19.5,0
20/08/1985,0.26,19.5,0
21/08/1985,0.27,19.5,0
22/08/1985,0.3,19.5,0
23/08/1985,0.3,19.5,0
24/08/1985,0.27,19.5,0
25/08/1985,0.26,19.5,1.1
26/08/1985,0.26,19.5,0
27/08/1985,0.23,19.5,0
28/08/1985,0.26,19.5,0
29/08/1985,0.26,19.5,0
30/08/1985,0.26,19.5,0
31/08/1985,0.26,19.5,0
01/09/1985,0.26,22.4,0
02/09/1985,0.26,22.4,0
03/09/1985,0.23,22.4,0
04/09/1985,0.26,22.4,0
05/09/1985,0.26,22.4,0
06/09/1985,0.23,22.4,0
07/09/1985,0.22,22.4,0
08/09/1985,0.22,22.4,0
09/09/1985,0.23,22.4,0
10/09/1985,0.26,22.4,0
11/09/1985,0.26,22.4,0
12/09/1985,0.26,22.4,0
13/09/1985,0.23,22.4,0
14/09/1985,0.23,22.4,0
15/09/1985,0.26,22.4,0
16/09/1985,0.26,22.4,0
17/09/1985,0.26,22.4,0
18/09/1985,0.26,22.4,0
19/09/1985,0.26,22.4,0
20/09/1985,0.26,22.4,0
21/09/1985,0.26,22.4,0
22/09/1985,0.26,22.4,0
23/09/1985,0.26,22.4,0
24/09/1985,0.26,22.4,0
25/09/1985,0.26,22.4,0
26/09/1985,0.26,22.4,0
27/09/1985,0.26,22.4,0
28/09/1985,0.26,22.4,0
29/09/1985,0.26,22.4,0
30/09/1985,0.26,22.4,0
01/10/1985,0.4,18.1,7.8
02/10/1985,0.46,18.1,0
03/10/1985,0.7,18.1,6.9
04/10/1985,1.05,18.1,12.7
05/10/1985,1.2,18.1,3.7
06/10/1985,1.62,18.1,0
07/10/1985,0.97,18.1,0
08/10/1985,0.83,18.1,0
09/10/1985,0.76,18.1,0
10/10/1985,0.63,18.1,0
11/10/1985,0.57,18.1,0
12/10/1985,0.46,18.1,0
13/10/1985,0.46,18.1,0
14/10/1985,0.46,18.1,0
15/10/1985,0.46,18.1,0
16/10/1985,0.46,18.1,0
17/10/1985,0.4,18.1,0
18/10/1985,0.4,18.1,0
19/10/1985,0.4,18.1,0
20/10/1985,0.4,18.1,0
21/10/1985,0.35,18.1,0
22/10/1985,0.35,18.1,0
23/10/1985,0.35,18.1,0
24/10/1985,0.35,18.1,0
25/10/1985,0.35,18.1,0
26/10/1985,0.35,18.1,0
27/10/1985,0.35,18.1,0
28/10/1985,0.35,18.1,0
29/10/1985,0.35,18.1,0
30/10/1985,0.35,18.1,0
31/10/1985,0.4,18.1,0
01/11/1985,0.4,11.6,0
02/11/1985,0.57,11.6,3.3
03/11/1985,2.37,11.6,25.7
04/11/1985,7.09,11.6,55.2
05/11/1985,7.09,11.6,23.2
06/11/1985,5.92,11.6,52.1
07/11/1985,4.56,11.6,22.1
08/11/1985,3.7,11.6,1.8
09/11/1985,3.23,11.6,0.5
10/11/1985,2.68,11.6,16.5
11/11/1985,2.37,11.6,0.6
12/11/1985,2.37,11.6,10.1
13/11/1985,2.27,11.6,0.2
14/11/1985,2.17,11.6,0
15/11/1985,2.17,11.6,0
16/11/1985,1.98,11.6,0
17/11/1985,1.89,11.6,0
18/11/1985,1.79,11.6,0
19/11/1985,1.62,11.6,0
20/11/1985,1.44,11.6,0
21/11/1985,1.36,11.6,0
22/11/1985,1.28,11.6,0
23/11/1985,1.12,11.6,0
24/11/1985,0.97,11.6,0
25/11/1985,0.97,11.6,1.8
26/11/1985,1.12,11.6,10.9
27/11/1985,1.28,11.6,1.2
28/11/1985,1.28,11.6,0
29/11/1985,1.2,11.6,0.1
30/11/1985,1.2,11.6,12.4
01/12/1985,1.2,10.4,0
02/12/1985,1.2,10.4,0
03/12/1985,1.12,10.4,0
04/12/1985,1.12,10.4,0
05/12/1985,1.12,10.4,50.4
06/12/1985,1.2,10.4,15.2
07/12/1985,1.28,10.4,0.3
08/12/1985,1.28,10.4,11.2
09/12/1985,1.36,10.4,9.9
10/12/1985,1.44,10.4,1.1
11/12/1985,1.44,10.4,12.6
12/12/1985,1.53,10.4,0
13/12/1985,1.79,10.4,0
14/12/1985,1.79,10.4,0
15/12/1985,1.89,10.4,0
16/12/1985,1.98,10.4,0
17/12/1985,2.27,10.4,0
18/12/1985,2.37,10.4,0
19/12/1985,2.37,10.4,0
20/12/1985,2.47,10.4,0
21/12/1985,2.79,10.4,0
22/12/1985,3.58,10.4,16.5
23/12/1985,4.69,10.4,20.1
24/12/1985,6.35,10.4,57.1
25/12/1985,6.35,10.4,41.1
26/12/1985,7.09,10.4,15.3
27/12/1985,7.55,10.4,55.5
28/12/1985,7.86,10.4,12.7
29/12/1985,7.86,10.4,0
30/12/1985,8.18,10.4,0
31/12/1985,8.18,10.4,6.2
01/01/1986,8.99,8.3,30.7
02/01/1986,9.66,8.3,38.6
03/01/1986,9.33,8.3,27.1
04/01/1986,10.01,8.3,1.1
05/01/1986,10.7,8.3,21.6
06/01/1986,11.96,8.3,1.1
07/01/1986,12.9,8.3,28.7
08/01/1986,9.66,8.3,18.7
09/01/1986,8.5,8.3,1.4
10/01/1986,8.18,8.3,0
11/01/1986,7.71,8.3,0.7
12/01/1986,6.79,8.3,2.8
13/01/1986,6.06,8.3,0
14/01/1986,5.36,8.3,0
15/01/1986,5.09,8.3,0
16/01/1986,4.69,8.3,0.5
17/01/1986,4.06,8.3,0
18/01/1986,3.58,8.3,0
19/01/1986,3.34,8.3,0
20/01/1986,3.23,8.3,3.4
21/01/1986,3.23,8.3,0
22/01/1986,3.23,8.3,4.4
23/01/1986,2.9,8.3,4.2
24/01/1986,2.9,8.3,14.3
25/01/1986,2.9,8.3,0
26/01/1986,2.79,8.3,0
27/01/1986,2.79,8.3,0
28/01/1986,2.58,8.3,0
29/01/1986,2.68,8.3,33.1
30/01/1986,3.12,8.3,30.7
31/01/1986,3.34,8.3,10.7
01/02/1986,3.94,8.4,0.2
02/02/1986,4.44,8.4,0
03/02/1986,5.09,8.4,0
04/02/1986,5.22,8.4,9.1
05/02/1986,4.96,8.4,0.9
06/02/1986,4.96,8.4,2.3
07/02/1986,4.44,8.4,2.4
08/02/1986,4.31,8.4,22.2
09/02/1986,4.18,8.4,0
10/02/1986,4.31,8.4,0
11/02/1986,4.56,8.4,2.6
12/02/1986,4.96,8.4,0
13/02/1986,7.55,8.4,28.2
14/02/1986,23.79,8.4,44.6
15/02/1986,27.43,8.4,14.9
16/02/1986,29.71,8.4,55.6
17/02/1986,25.95,8.4,46.1
18/02/1986,20.11,8.4,30.8
19/02/1986,12.15,8.4,1.1
20/02/1986,8.67,8.4,5.1
21/02/1986,8.18,8.4,30.1
22/02/1986,8.99,8.4,12.3
23/02/1986,9.83,8.4,19.7
24/02/1986,10.7,8.4,39.5
25/02/1986,12.33,8.4,3.5
26/02/1986,10.35,8.4,2.9
27/02/1986,18.14,8.4,42.8
28/02/1986,20.11,8.4,0.2
01/03/1986,14.64,9.9,1.7
02/03/1986,10.88,9.9,5.9
03/03/1986,1.2,9.9,0.4
04/03/1986,6.94,9.9,0
05/03/1986,8.18,9.9,0
06/03/1986,7.86,9.9,0
07/03/1986,7.24,9.9,0
08/03/1986,7.09,9.9,0
09/03/1986,6.49,9.9,0
10/03/1986,5.92,9.9,0
11/03/1986,5.36,9.9,0
12/03/1986,5.09,9.9,0
13/03/1986,4.96,9.9,31.7
14/03/1986,4.96,9.9,1.9
15/03/1986,4.82,9.9,0
16/03/1986,4.69,9.9,0
17/03/1986,4.82,9.9,0
18/03/1986,4.69,9.9,0.8
19/03/1986,4.56,9.9,3.6
20/03/1986,4.56,9.9,0
21/03/1986,4.56,9.9,0
22/03/1986,4.56,9.9,0
23/03/1986,4.31,9.9,0.3
24/03/1986,4.31,9.9,6.1
25/03/1986,4.18,9.9,11.4
26/03/1986,3.94,9.9,2.5
27/03/1986,3.94,9.9,5.7
28/03/1986,3.7,9.9,7.7
29/03/1986,3.7,9.9,3.6
30/03/1986,3.58,9.9,0.2
31/03/1986,3.58,9.9,0
01/04/1986,3.7,9,0
02/04/1986,3.58,9,0
03/04/1986,3.58,9,0.2
04/04/1986,3.58,9,0
05/04/1986,3.58,9,0
06/04/1986,3.58,9,0.9
07/04/1986,3.58,9,0
08/04/1986,3.58,9,0
09/04/1986,3.46,9,0
10/04/1986,3.46,9,0
11/04/1986,3.58,9,0
12/04/1986,3.58,9,0
13/04/1986,3.58,9,0
14/04/1986,3.58,9,0
15/04/1986,3.58,9,8.5
16/04/1986,3.58,9,23.9
17/04/1986,3.58,9,10.1
18/04/1986,3.58,9,2.9
19/04/1986,3.58,9,4.5
20/04/1986,4.44,9,1.9
21/04/1986,11.6,9,23.2
22/04/1986,8.67,9,29.6
23/04/1986,6.2,9,11.2
24/04/1986,5.92,9,16.6
25/04/1986,5.92,9,4.3
26/04/1986,5.64,9,6.6
27/04/1986,5.5,9,0
28/04/1986,5.22,9,6.4
29/04/1986,5.22,9,0
30/04/1986,4.96,9,0
01/05/1986,4.69,15.4,0
02/05/1986,4.31,15.4,0
03/05/1986,4.06,15.4,0.8
04/05/1986,3.94,15.4,9.1
05/05/1986,3.82,15.4,7.2
06/05/1986,3.82,15.4,5.2
07/05/1986,3.7,15.4,2.8
08/05/1986,3.46,15.4,0.8
09/05/1986,3.46,15.4,0
10/05/1986,3.34,15.4,0
11/05/1986,3.34,15.4,0
12/05/1986,3.23,15.4,0
13/05/1986,3.23,15.4,0
14/05/1986,3.12,15.4,0
15/05/1986,3.12,15.4,2.1
16/05/1986,3.12,15.4,1.3
17/05/1986,3.01,15.4,0.3
18/05/1986,3.01,15.4,0
19/05/1986,2.9,15.4,0
20/05/1986,2.79,15.4,0.2
21/05/1986,2.58,15.4,0
22/05/1986,2.47,15.4,0
23/05/1986,2.47,15.4,0
24/05/1986,2.37,15.4,0
25/05/1986,2.27,15.4,0
26/05/1986,2.08,15.4,0
27/05/1986,1.98,15.4,0
28/05/1986,1.98,15.4,0
29/05/1986,1.89,15.4,0
30/05/1986,1.89,15.4,0
31/05/1986,1.89,15.4,0
01/06/1986,1.89,18.5,0
02/06/1986,1.89,18.5,0
03/06/1986,1.89,18.5,0
04/06/1986,1.79,18.5,0
05/06/1986,1.62,18.5,0
06/06/1986,1.62,18.5,0
07/06/1986,1.53,18.5,0
08/06/1986,1.36,18.5,0
09/06/1986,1.36,18.5,0
10/06/1986,1.2,18.5,0
11/06/1986,1.2,18.5,0
12/06/1986,1.05,18.5,0
13/06/1986,0.97,18.5,0
14/06/1986,0.97,18.5,0
15/06/1986,0.97,18.5,0
16/06/1986,0.97,18.5,0
17/06/1986,1.12,18.5,0
18/06/1986,1.2,18.5,0
19/06/1986,1.2,18.5,0
20/06/1986,1.28,18.5,0.4
21/06/1986,1.62,18.5,14.5
22/06/1986,1.98,18.5,4.9
23/06/1986,1.79,18.5,28.8
24/06/1986,1.79,18.5,0
25/06/1986,1.7,18.5,0
26/06/1986,1.7,18.5,0
27/06/1986,1.7,18.5,2.5
28/06/1986,1.62,18.5,0
29/06/1986,1.7,18.5,0
30/06/1986,1.7,18.5,0
01/07/1986,1.7,22.2,0
02/07/1986,1.7,22.2,0
03/07/1986,1.62,22.2,0
04/07/1986,1.53,22.2,0
05/07/1986,1.44,22.2,0
06/07/1986,1.36,22.2,0
07/07/1986,1.2,22.2,0
08/07/1986,1.05,22.2,0
09/07/1986,0.97,22.2,0
10/07/1986,0.83,22.2,0
11/07/1986,0.7,22.2,0
12/07/1986,0.51,22.2,0
13/07/1986,0.46,22.2,0
14/07/1986,0.46,22.2,0
15/07/1986,0.4,22.2,0
16/07/1986,0.4,22.2,0
17/07/1986,0.4,22.2,0
18/07/1986,0.4,22.2,0
19/07/1986,0.35,22.2,0
20/07/1986,0.35,22.2,0
21/07/1986,0.3,22.2,0
22/07/1986,0.3,22.2,0
23/07/1986,0.3,22.2,0
24/07/1986,0.26,22.2,0
25/07/1986,0.3,22.2,0
26/07/1986,0.3,22.2,0
27/07/1986,0.26,22.2,0
28/07/1986,0.26,22.2,0
29/07/1986,0.26,22.2,0
30/07/1986,0.26,22.2,0
31/07/1986,0.26,22.2,0.2
01/08/1986,0.26,18.1,0
02/08/1986,0.26,18.1,0
03/08/1986,0.26,18.1,0.5
04/08/1986,0.21,18.1,0.4
05/08/1986,0.21,18.1,0
06/08/1986,0.21,18.1,0
07/08/1986,0.26,18.1,0
08/08/1986,0.21,18.1,0
09/08/1986,0.21,18.1,0
10/08/1986,0.21,18.1,0.9
11/08/1986,0.17,18.1,0
12/08/1986,0.17,18.1,0
13/08/1986,0.17,18.1,0
14/08/1986,0.21,18.1,0
15/08/1986,0.21,18.1,0
16/08/1986,0.21,18.1,0
17/08/1986,0.57,18.1,0.4
18/08/1986,1.44,18.1,22.3
19/08/1986,1.36,18.1,3.3
20/08/1986,1.28,18.1,0
21/08/1986,1.12,18.1,0
22/08/1986,0.9,18.1,0
23/08/1986,0.76,18.1,1.3
24/08/1986,0.7,18.1,0
25/08/1986,0.76,18.1,0
26/08/1986,0.7,18.1,9.5
27/08/1986,0.63,18.1,0.9
28/08/1986,0.57,18.1,0
29/08/1986,0.46,18.1,0
30/08/1986,0.4,18.1,0
31/08/1986,0.4,18.1,0
01/09/1986,0.4,20.2,0
02/09/1986,0.35,20.2,0
03/09/1986,0.35,20.2,0
04/09/1986,0.3,20.2,0
05/09/1986,0.3,20.2,0
06/09/1986,0.3,20.2,0
07/09/1986,0.3,20.2,0
08/09/1986,0.26,20.2,0
09/09/1986,0.35,20.2,1.4
10/09/1986,0.76,20.2,3.4
11/09/1986,1.36,20.2,5.8
12/09/1986,1.28,20.2,0.5
13/09/1986,1.2,20.2,0.2
14/09/1986,1.2,20.2,22.3
15/09/1986,1.2,20.2,15.2
16/09/1986,1.36,20.2,21.5
17/09/1986,1.36,20.2,0
18/09/1986,1.28,20.2,0
19/09/1986,1.12,20.2,0
20/09/1986,1.12,20.2,0
21/09/1986,1.05,20.2,0
22/09/1986,1.05,20.2,0
23/09/1986,0.97,20.2,0.2
24/09/1986,0.97,20.2,6.3
25/09/1986,0.9,20.2,0
26/09/1986,0.9,20.2,0
27/09/1986,0.9,20.2,0
28/09/1986,0.9,20.2,0
29/09/1986,0.83,20.2,0
30/09/1986,0.83,20.2,0
01/10/1986,0.83,17.2,0
02/10/1986,0.83,17.2,0
03/10/1986,0.83,17.2,0
04/10/1986,0.83,17.2,0
05/10/1986,0.76,17.2,0
06/10/1986,0.76,17.2,0
07/10/1986,0.76,17.2,0
08/10/1986,0.76,17.2,9.6
09/10/1986,0.76,17.2,0
10/10/1986,0.7,17.2,0.2
11/10/1986,0.7,17.2,0
12/10/1986,0.76,17.2,2.8
13/10/1986,0.76,17.2,0
14/10/1986,0.76,17.2,0
15/10/1986,0.83,17.2,0
16/10/1986,1.05,17.2,0
17/10/1986,1.05,17.2,0
18/10/1986,0.97,17.2,0
19/10/1986,1.05,17.2,0
20/10/1986,0.97,17.2,2.4
21/10/1986,0.97,17.2,0
22/10/1986,0.97,17.2,0
23/10/1986,0.97,17.2,22.7
24/10/1986,0.97,17.2,0.8
25/10/1986,0.97,17.2,28.1
26/10/1986,0.97,17.2,0
27/10/1986,0.97,17.2,0
28/10/1986,0.97,17.2,0
29/10/1986,0.97,17.2,0
30/10/1986,0.97,17.2,0
31/10/1986,0.97,17.2,0
01/11/1986,1.05,12.5,0
02/11/1986,1.05,12.5,0
03/11/1986,1.05,12.5,0
04/11/1986,1.05,12.5,0
05/11/1986,1.05,12.5,0
06/11/1986,1.05,12.5,0
07/11/1986,1.05,12.5,0
08/11/1986,1.05,12.5,5.5
09/11/1986,1.2,12.5,0
10/11/1986,2.47,12.5,0
11/11/1986,4.31,12.5,36.9
12/11/1986,6.35,12.5,13.6
13/11/1986,7.71,12.5,27.9
14/11/1986,7.86,12.5,15.9
15/11/1986,7.55,12.5,22.1
16/11/1986,7.4,12.5,0
17/11/1986,7.09,12.5,1.2
18/11/1986,6.79,12.5,0
19/11/1986,6.35,12.5,0
20/11/1986,5.92,12.5,2.4
21/11/1986,5.22,12.5,0.2
22/11/1986,4.96,12.5,7.5
23/11/1986,4.31,12.5,1.1
24/11/1986,3.82,12.5,10.3
25/11/1986,3.46,12.5,0
26/11/1986,3.23,12.5,0
27/11/1986,2.79,12.5,0
28/11/1986,2.47,12.5,0
29/11/1986,1.98,12.5,0
30/11/1986,1.79,12.5,0
01/12/1986,1.62,10.1,0
02/12/1986,1.53,10.1,0
03/12/1986,1.53,10.1,0
04/12/1986,1.53,10.1,0
05/12/1986,1.53,10.1,0
06/12/1986,1.53,10.1,0
07/12/1986,1.53,10.1,0
08/12/1986,1.53,10.1,34.7
09/12/1986,1.53,10.1,5.3
10/12/1986,1.62,10.1,0
11/12/1986,1.7,10.1,0.1
12/12/1986,2.79,10.1,8.1
13/12/1986,8.02,10.1,9.8
14/12/1986,6.35,10.1,76.8
15/12/1986,4.96,10.1,4.1
16/12/1986,3.34,10.1,10.1
17/12/1986,2.68,10.1,0
18/12/1986,2.37,10.1,0
19/12/1986,2.37,10.1,0.3
20/12/1986,2.37,10.1,4.6
21/12/1986,2.27,10.1,4.3
22/12/1986,2.27,10.1,6.8
23/12/1986,2.17,10.1,0
24/12/1986,2.17,10.1,0
25/12/1986,2.17,10.1,0
26/12/1986,2.08,10.1,0
27/12/1986,2.08,10.1,12.1
28/12/1986,1.98,10.1,0
29/12/1986,1.89,10.1,0
30/12/1986,1.89,10.1,0
31/12/1986,1.79,10.1,0.1
01/01/1987,1.79,8.7,0
02/01/1987,1.79,8.7,5.1
03/01/1987,1.79,8.7,0
04/01/1987,1.79,8.7,0
05/01/1987,1.79,8.7,0
06/01/1987,1.79,8.7,0
07/01/1987,1.79,8.7,0
08/01/1987,1.89,8.7,0
09/01/1987,1.89,8.7,6.7
10/01/1987,1.98,8.7,6.6
11/01/1987,1.98,8.7,21.4
12/01/1987,2.17,8.7,8.8
13/01/1987,2.17,8.7,24.1
14/01/1987,2.17,8.7,5.1
15/01/1987,2.27,8.7,8.7
16/01/1987,2.27,8.7,0.3
17/01/1987,2.27,8.7,0
18/01/1987,2.37,8.7,0
19/01/1987,2.37,8.7,0
20/01/1987,2.37,8.7,0
21/01/1987,2.37,8.7,0
22/01/1987,2.37,8.7,0
23/01/1987,2.47,8.7,0
24/01/1987,2.47,8.7,0.1
25/01/1987,2.47,8.7,0
26/01/1987,2.68,8.7,6.5
27/01/1987,3.01,8.7,22.1
28/01/1987,3.7,8.7,11.6
29/01/1987,4.31,8.7,14.9
30/01/1987,5.09,8.7,7.6
31/01/1987,5.5,8.7,12.1
01/02/1987,7.09,10.3,2.1
02/02/1987,7.24,10.3,18.3
03/02/1987,6.35,10.3,4.1
04/02/1987,5.64,10.3,0
05/02/1987,4.69,10.3,0
06/02/1987,3.46,10.3,0
07/02/1987,3.58,10.3,0
08/02/1987,3.82,10.3,0
09/02/1987,4.31,10.3,0
10/02/1987,5.22,10.3,12.4
11/02/1987,7.24,10.3,40.2
12/02/1987,7.24,10.3,16.3
13/02/1987,7.71,10.3,8.8
14/02/1987,7.71,10.3,14.4
15/02/1987,6.64,10.3,2.6
16/02/1987,6.35,10.3,3.4
17/02/1987,6.35,10.3,23.5
18/02/1987,6.64,10.3,24.9
19/02/1987,6.79,10.3,0
20/02/1987,7.4,10.3,0
21/02/1987,7.55,10.3,0
22/02/1987,8.02,10.3,0
23/02/1987,8.34,10.3,2.9
24/02/1987,8.83,10.3,8.7
25/02/1987,8.83,10.3,38.3
26/02/1987,7.71,10.3,0
27/02/1987,6.06,10.3,5.7
28/02/1987,5.5,10.3,0
01/03/1987,5.09,12.6,0
02/03/1987,4.96,12.6,0
03/03/1987,4.82,12.6,0
04/03/1987,4.82,12.6,0
05/03/1987,4.82,12.6,0
06/03/1987,4.82,12.6,0
07/03/1987,4.69,12.6,0
08/03/1987,4.69,12.6,0
09/03/1987,4.82,12.6,13.8
10/03/1987,4.82,12.6,0
11/03/1987,4.56,12.6,0
12/03/1987,4.56,12.6,5.1
13/03/1987,4.44,12.6,4.1
14/03/1987,3.94,12.6,0
15/03/1987,3.7,12.6,0
16/03/1987,3.46,12.6,0
17/03/1987,3.34,12.6,0
18/03/1987,3.23,12.6,0
19/03/1987,3.12,12.6,0
20/03/1987,3.23,12.6,0
21/03/1987,3.46,12.6,5.4
22/03/1987,3.7,12.6,3.9
23/03/1987,3.94,12.6,0
24/03/1987,4.31,12.6,9.5
25/03/1987,4.69,12.6,39.1
26/03/1987,4.44,12.6,10.9
27/03/1987,4.44,12.6,0
28/03/1987,4.44,12.6,31.6
29/03/1987,4.31,12.6,1.6
30/03/1987,4.18,12.6,0
31/03/1987,4.06,12.6,0
01/04/1987,4.06,13.9,2.6
02/04/1987,4.06,13.9,7.2
03/04/1987,4.44,13.9,49.6
04/04/1987,4.69,13.9,16.8
05/04/1987,4.82,13.9,5.5
06/04/1987,5.09,13.9,1.4
07/04/1987,5.36,13.9,36.4
08/04/1987,5.5,13.9,0
09/04/1987,5.78,13.9,4.1
10/04/1987,5.64,13.9,2.4
11/04/1987,5.36,13.9,0
12/04/1987,5.22,13.9,4.9
13/04/1987,4.96,13.9,0
14/04/1987,4.82,13.9,0
15/04/1987,4.69,13.9,0
16/04/1987,4.69,13.9,0
17/04/1987,4.44,13.9,6.9
18/04/1987,4.31,13.9,0
19/04/1987,4.18,13.9,0
20/04/1987,4.06,13.9,0
21/04/1987,4.06,13.9,0
22/04/1987,4.56,13.9,0
23/04/1987,4.96,13.9,0
24/04/1987,4.96,13.9,26.8
25/04/1987,4.56,13.9,21.1
26/04/1987,4.31,13.9,0.9
27/04/1987,3.94,13.9,0
28/04/1987,3.7,13.9,4.3
29/04/1987,3.46,13.9,0.2
30/04/1987,3.34,13.9,2.4
01/05/1987,3.46,16.8,0
02/05/1987,3.34,16.8,0
03/05/1987,3.34,16.8,0
04/05/1987,3.23,16.8,0
05/05/1987,3.23,16.8,0
06/05/1987,3.23,16.8,0
07/05/1987,3.23,16.8,0
08/05/1987,3.12,16.8,0
09/05/1987,3.12,16.8,0
10/05/1987,3.12,16.8,0
11/05/1987,3.12,16.8,11.8
12/05/1987,3.01,16.8,0
13/05/1987,3.01,16.8,0
14/05/1987,2.9,16.8,0
15/05/1987,2.9,16.8,0
16/05/1987,2.79,16.8,0
17/05/1987,2.79,16.8,0
18/05/1987,2.79,16.8,0.7
19/05/1987,2.68,16.8,0
20/05/1987,2.68,16.8,0
21/05/1987,2.58,16.8,0
22/05/1987,2.58,16.8,0
23/05/1987,2.47,16.8,0
24/05/1987,2.47,16.8,0
25/05/1987,2.37,16.8,0
26/05/1987,2.27,16.8,2.7
27/05/1987,2.27,16.8,0
28/05/1987,2.08,16.8,0
29/05/1987,2.08,16.8,0
30/05/1987,1.98,16.8,0
31/05/1987,1.89,16.8,0
01/06/1987,1.89,18.5,0
02/06/1987,1.79,18.5,0
03/06/1987,1.79,18.5,0
04/06/1987,1.79,18.5,5.3
05/06/1987,1.79,18.5,3.3
06/06/1987,1.79,18.5,0
07/06/1987,1.79,18.5,0.3
08/06/1987,1.79,18.5,6.3
09/06/1987,1.79,18.5,0
10/06/1987,1.79,18.5,0.2
11/06/1987,1.79,18.5,3.3
12/06/1987,1.79,18.5,0
13/06/1987,1.89,18.5,15.3
14/06/1987,1.98,18.5,0
15/06/1987,2.08,18.5,3.3
16/06/1987,2.08,18.5,0
17/06/1987,2.08,18.5,0
18/06/1987,1.98,18.5,0
19/06/1987,1.98,18.5,0.3
20/06/1987,1.89,18.5,4.9
21/06/1987,1.79,18.5,0.3
22/06/1987,1.7,18.5,0.3
23/06/1987,1.62,18.5,0
24/06/1987,1.53,18.5,0
25/06/1987,1.44,18.5,0
26/06/1987,1.36,18.5,0
27/06/1987,1.28,18.5,0
28/06/1987,1.28,18.5,0
29/06/1987,1.2,18.5,0
30/06/1987,1.2,18.5,0
01/07/1987,1.2,22.1,0
02/07/1987,1.2,22.1,0
03/07/1987,1.12,22.1,0
04/07/1987,1.12,22.1,0
05/07/1987,1.05,22.1,0
06/07/1987,0.97,22.1,0
07/07/1987,0.97,22.1,0
08/07/1987,0.83,22.1,0
09/07/1987,0.76,22.1,0
10/07/1987,0.7,22.1,0
11/07/1987,0.7,22.1,0
12/07/1987,0.7,22.1,0
13/07/1987,0.63,22.1,0
14/07/1987,0.76,22.1,0
15/07/1987,0.9,22.1,0
16/07/1987,1.2,22.1,10.5
17/07/1987,1.28,22.1,16.1
18/07/1987,1.2,22.1,9.8
19/07/1987,1.2,22.1,0
20/07/1987,1.2,22.1,0
21/07/1987,1.05,22.1,0
22/07/1987,0.9,22.1,0
23/07/1987,0.76,22.1,0
24/07/1987,0.7,22.1,0
25/07/1987,0.63,22.1,0
26/07/1987,0.57,22.1,0
27/07/1987,0.51,22.1,0
28/07/1987,0.4,22.1,0
29/07/1987,0.4,22.1,0
30/07/1987,0.4,22.1,0
31/07/1987,0.4,22.1,0
01/08/1987,0.4,22.2,0
02/08/1987,0.4,22.2,0
03/08/1987,0.35,22.2,0
04/08/1987,0.3,22.2,0
05/08/1987,0.3,22.2,0
06/08/1987,0.3,22.2,0.5
07/08/1987,0.3,22.2,1.5
08/08/1987,0.26,22.2,0
09/08/1987,0.26,22.2,0
10/08/1987,0.3,22.2,0
11/08/1987,0.3,22.2,0
12/08/1987,0.35,22.2,0
13/08/1987,0.4,22.2,0
14/08/1987,0.46,22.2,0
15/08/1987,0.51,22.2,0
16/08/1987,0.63,22.2,4.2
17/08/1987,0.57,22.2,3.6
18/08/1987,0.46,22.2,0
19/08/1987,0.4,22.2,0
20/08/1987,0.4,22.2,0
21/08/1987,0.46,22.2,0
22/08/1987,0.76,22.2,0
23/08/1987,0.3,22.2,0
24/08/1987,0.21,22.2,0
25/08/1987,0.17,22.2,0
26/08/1987,0.26,22.2,0
27/08/1987,0.3,22.2,0
28/08/1987,0.4,22.2,0
29/08/1987,0.46,22.2,0
30/08/1987,0.76,22.2,22.3
31/08/1987,0.9,22.2,7.3
01/09/1987,0.9,22.2,0
02/09/1987,0.9,22.2,0
03/09/1987,0.9,22.2,0
04/09/1987,0.83,22.2,0
05/09/1987,0.83,22.2,0
06/09/1987,0.76,22.2,0
07/09/1987,0.76,22.2,0
08/09/1987,0.76,22.2,0
09/09/1987,0.7,22.2,0
10/09/1987,0.7,22.2,0
11/09/1987,0.7,22.2,0
12/09/1987,0.63,22.2,0
13/09/1987,0.63,22.2,0
14/09/1987,0.63,22.2,0
15/09/1987,0.63,22.2,0
16/09/1987,0.63,22.2,0
17/09/1987,0.57,22.2,0
18/09/1987,0.57,22.2,2.9
19/09/1987,0.57,22.2,1.2
20/09/1987,0.57,22.2,0
21/09/1987,0.57,22.2,0
22/09/1987,0.7,22.2,2.7
23/09/1987,0.83,22.2,5.3
24/09/1987,1.12,22.2,17.7
25/09/1987,1.98,22.2,12.4
26/09/1987,4.18,22.2,68.9
27/09/1987,4.06,22.2,22.9
28/09/1987,3.82,22.2,0
29/09/1987,3.58,22.2,0
30/09/1987,3.46,22.2,0
01/10/1987,3.23,14,0
02/10/1987,3.24,14,10.6
03/10/1987,3.33,14,5.6
04/10/1987,3.37,14,32.8
05/10/1987,3.56,14,18.1
06/10/1987,3.72,14,4.9
07/10/1987,4.06,14,10.2
08/10/1987,4.42,14,22.8
09/10/1987,4.71,14,0
10/10/1987,5.14,14,21.8
11/10/1987,5.84,14,13.7
12/10/1987,6.22,14,0
13/10/1987,6.64,14,0.4
14/10/1987,7.57,14,0
15/10/1987,10.76,14,50.9
16/10/1987,10.5,14,61.5
17/10/1987,9.49,14,3.8
18/10/1987,8.56,14,0
19/10/1987,8.22,14,1.4
20/10/1987,10.23,14,33.6
21/10/1987,13.08,14,36.9
22/10/1987,13.15,14,4.5
23/10/1987,14,14,0.4
24/10/1987,14.81,14,8.5
25/10/1987,15.23,14,0.4
26/10/1987,8.34,14,0.2
27/10/1987,6.99,14,29.7
28/10/1987,9.37,14,0.2
29/10/1987,15.27,14,0
30/10/1987,26.3,14,17.7
31/10/1987,16.57,14,39.2
01/11/1987,7.83,12.5,0
02/11/1987,6.18,12.5,0
03/11/1987,5.88,12.5,0
04/11/1987,5.67,12.5,0
05/11/1987,5.63,12.5,0
06/11/1987,5.6,12.5,0
07/11/1987,5.39,12.5,1.1
08/11/1987,5.34,12.5,0
09/11/1987,5.24,12.5,0
10/11/1987,5.2,12.5,0
11/11/1987,5.1,12.5,2.5
12/11/1987,5.05,12.5,5.1
13/11/1987,4.85,12.5,3.7
14/11/1987,4.79,12.5,0
15/11/1987,4.58,12.5,18.1
16/11/1987,4.4,12.5,0
17/11/1987,4.07,12.5,0
18/11/1987,3.83,12.5,0
19/11/1987,3.69,12.5,0
20/11/1987,3.57,12.5,0
21/11/1987,3.47,12.5,0
22/11/1987,3.43,12.5,0
23/11/1987,3.21,12.5,1.4
24/11/1987,2.91,12.5,0
25/11/1987,2.69,12.5,0
26/11/1987,2.56,12.5,0
27/11/1987,2.38,12.5,0
28/11/1987,2.28,12.5,0
29/11/1987,2.26,12.5,0
30/11/1987,2.2,12.5,0
01/12/1987,2.28,12.7,0
02/12/1987,2.62,12.7,0
03/12/1987,3.34,12.7,9.8
04/12/1987,4.56,12.7,3.7
05/12/1987,4.32,12.7,21.6
06/12/1987,3.92,12.7,38.5
07/12/1987,3.54,12.7,0
08/12/1987,3.82,12.7,2.6
09/12/1987,5.54,12.7,3.3
10/12/1987,19.52,12.7,44.3
11/12/1987,21.9,12.7,27.2
12/12/1987,14.39,12.7,0
13/12/1987,12.18,12.7,37.2
14/12/1987,11.78,12.7,33.6
15/12/1987,11.03,12.7,8.3
16/12/1987,8.58,12.7,1.4
17/12/1987,8.97,12.7,28.2
18/12/1987,8.74,12.7,0
19/12/1987,7.94,12.7,0.6
20/12/1987,7.53,12.7,0
21/12/1987,7.07,12.7,0
22/12/1987,6.53,12.7,0
23/12/1987,6.2,12.7,0
24/12/1987,5.91,12.7,0
25/12/1987,5.6,12.7,8.7
26/12/1987,5.12,12.7,5.1
27/12/1987,4.82,12.7,0
28/12/1987,4.58,12.7,0
29/12/1987,4.45,12.7,0
30/12/1987,4.46,12.7,0
31/12/1987,4.69,12.7,0
01/01/1988,6.34,9.5,3.9
02/01/1988,7.67,9.5,11.1
03/01/1988,7.53,9.5,24.6
04/01/1988,7.16,9.5,3.7
05/01/1988,7.28,9.5,5.2
06/01/1988,7.62,9.5,41.3
07/01/1988,7.53,9.5,22.2
08/01/1988,7.24,9.5,0
09/01/1988,6.94,9.5,0
10/01/1988,6.62,9.5,0
11/01/1988,6.48,9.5,2.7
12/01/1988,7.95,9.5,0
13/01/1988,9.18,9.5,35
14/01/1988,9.51,9.5,10.4
15/01/1988,9.83,9.5,19.6
16/01/1988,10.17,9.5,0
17/01/1988,10.52,9.5,0
18/01/1988,10.9,9.5,0
19/01/1988,11.41,9.5,11.2
20/01/1988,11.94,9.5,0
21/01/1988,12.35,9.5,4.1
22/01/1988,12.87,9.5,5.2
23/01/1988,13.27,9.5,5.2
24/01/1988,13.61,9.5,22.6
25/01/1988,13.7,9.5,36.7
26/01/1988,14.04,9.5,8.9
27/01/1988,14.44,9.5,38.5
28/01/1988,19.53,9.5,17.9
29/01/1988,45.07,9.5,71.7
30/01/1988,28.65,9.5,33.2
31/01/1988,21.14,9.5,6.3
01/02/1988,21.13,9.7,11.8
02/02/1988,18.24,9.7,6.2
03/02/1988,18.22,9.7,6.2
04/02/1988,17.53,9.7,26.2
05/02/1988,16.97,9.7,36.9
06/02/1988,15.47,9.7,50.7
07/02/1988,13.71,9.7,14.2
08/02/1988,12.44,9.7,3.3
09/02/1988,12.07,9.7,13.9
10/02/1988,12.56,9.7,0
11/02/1988,12.31,9.7,0
12/02/1988,11.82,9.7,0
13/02/1988,11.57,9.7,0
14/02/1988,11.23,9.7,0
15/02/1988,10.88,9.7,0
16/02/1988,10.5,9.7,0
17/02/1988,10.02,9.7,0
18/02/1988,9.64,9.7,0
19/02/1988,9.18,9.7,0
20/02/1988,8.76,9.7,0
21/02/1988,8.08,9.7,0
22/02/1988,7.7,9.7,2.8
23/02/1988,7.37,9.7,15.7
24/02/1988,6.95,9.7,8.8
25/02/1988,6.6,9.7,0
26/02/1988,6.09,9.7,0
27/02/1988,5.75,9.7,0
28/02/1988,5.4,9.7,0
29/02/1988,5.26,9.7,0
01/03/1988,5.2,12,0
02/03/1988,5.08,12,0
03/03/1988,4.95,12,0
04/03/1988,4.82,12,0
05/03/1988,4.67,12,0
06/03/1988,4.46,12,0
07/03/1988,4.4,12,0
08/03/1988,4.19,12,0
09/03/1988,4.07,12,0
10/03/1988,4.04,12,0
11/03/1988,3.95,12,0
12/03/1988,3.92,12,0
13/03/1988,3.83,12,0
14/03/1988,3.81,12,0
15/03/1988,3.8,12,0
16/03/1988,3.71,12,0.9
17/03/1988,3.69,12,0
18/03/1988,3.69,12,0
19/03/1988,3.68,12,0
20/03/1988,3.59,12,0
21/03/1988,3.57,12,5.8
22/03/1988,3.56,12,0
23/03/1988,3.47,12,2.1
24/03/1988,3.44,12,0
25/03/1988,3.35,12,0
26/03/1988,3.33,12,0
27/03/1988,3.24,12,0
28/03/1988,3.21,12,0
29/03/1988,3.11,12,0
30/03/1988,3.02,12,5.6
31/03/1988,3,12,5.8
01/04/1988,2.99,12.1,0
02/04/1988,2.91,12.1,6.3
03/04/1988,2.88,12.1,0
04/04/1988,2.8,12.1,0
05/04/1988,2.77,12.1,0
06/04/1988,2.69,12.1,0
07/04/1988,2.69,12.1,0
08/04/1988,2.81,12.1,0
09/04/1988,3.14,12.1,0
10/04/1988,3.71,12.1,0
11/04/1988,4.42,12.1,0
12/04/1988,4.95,12.1,33.7
13/04/1988,4.94,12.1,50.3
14/04/1988,6.35,12.1,20.7
15/04/1988,7.93,12.1,0
16/04/1988,9.19,12.1,0.3
17/04/1988,11.65,12.1,15.3
18/04/1988,12.07,12.1,20.5
19/04/1988,8.15,12.1,19.3
20/04/1988,7.57,12.1,0
21/04/1988,7.18,12.1,0
22/04/1988,6.55,12.1,10.3
23/04/1988,6.23,12.1,0
24/04/1988,6.08,12.1,0
25/04/1988,5.28,12.1,7.9
26/04/1988,4.75,12.1,5.1
27/04/1988,4.7,12.1,0
28/04/1988,4.82,12.1,0
29/04/1988,4.93,12.1,5.8
30/04/1988,4.95,12.1,0
01/05/1988,5.07,14.5,21.9
02/05/1988,5.2,14.5,40.5
03/05/1988,5.19,14.5,11.1
04/05/1988,4.98,14.5,10.8
05/05/1988,4.97,14.5,13.5
06/05/1988,5.05,14.5,0
07/05/1988,4.95,14.5,0
08/05/1988,4.8,14.5,2.2
09/05/1988,4.59,14.5,0.9
10/05/1988,4.56,14.5,0
11/05/1988,4.56,14.5,0
12/05/1988,4.54,14.5,0.2
13/05/1988,4.46,14.5,4.1
14/05/1988,4.53,14.5,0
15/05/1988,4.42,14.5,0
16/05/1988,4.21,14.5,5.9
17/05/1988,4.19,14.5,3.1
18/05/1988,4.3,14.5,15.2
19/05/1988,4.51,14.5,0
20/05/1988,5.01,14.5,0
21/05/1988,4.4,14.5,0
22/05/1988,4.18,14.5,13.4
23/05/1988,4.05,14.5,0
24/05/1988,3.95,14.5,0
25/05/1988,3.92,14.5,0
26/05/1988,3.81,14.5,1.5
27/05/1988,3.69,14.5,5.9
28/05/1988,3.57,14.5,0
29/05/1988,3.47,14.5,15.3
30/05/1988,3.45,14.5,5.4
31/05/1988,3.38,14.5,0
01/06/1988,3.25,18.2,0
02/06/1988,3.21,18.2,0
03/06/1988,3.09,18.2,0
04/06/1988,2.83,18.2,0
05/06/1988,2.77,18.2,0
06/06/1988,2.69,18.2,0
07/06/1988,2.68,18.2,0
08/06/1988,2.65,18.2,1.9
09/06/1988,2.49,18.2,0
10/06/1988,2.49,18.2,4.2
11/06/1988,2.66,18.2,11.4
12/06/1988,2.78,18.2,5.1
13/06/1988,2.92,18.2,20.1
14/06/1988,3.21,18.2,0.2
15/06/1988,3.43,18.2,13.1
16/06/1988,3.48,18.2,4.8
17/06/1988,3.69,18.2,4.6
18/06/1988,3.9,18.2,0
19/06/1988,3.98,18.2,0
20/06/1988,4.31,18.2,1.3
21/06/1988,4.64,18.2,3.8
22/06/1988,4.72,18.2,0.8
23/06/1988,4.95,18.2,50.3
24/06/1988,5.17,18.2,73.8
25/06/1988,5.12,18.2,17.2
26/06/1988,5.27,18.2,0
27/06/1988,5.79,18.2,0
28/06/1988,6.55,18.2,19.4
29/06/1988,7.5,18.2,49.2
30/06/1988,7.29,18.2,8.2
01/07/1988,7.16,19.5,14.9
02/07/1988,6.92,19.5,10.1
03/07/1988,6.49,19.5,12.7
04/07/1988,6.07,19.5,37.2
05/07/1988,5.75,19.5,7.7
06/07/1988,5.39,19.5,12.4
07/07/1988,5.19,19.5,0
08/07/1988,4.84,19.5,0
09/07/1988,4.56,19.5,0
10/07/1988,4.29,19.5,0
11/07/1988,3.95,19.5,0
12/07/1988,3.71,19.5,0
13/07/1988,3.44,19.5,0
14/07/1988,2.61,19.5,0
15/07/1988,2.99,19.5,0
16/07/1988,2.91,19.5,0
17/07/1988,2.78,19.5,0
18/07/1988,2.68,19.5,0
19/07/1988,2.57,19.5,0
20/07/1988,2.48,19.5,0
21/07/1988,2.46,19.5,0
22/07/1988,2.37,19.5,0
23/07/1988,2.28,19.5,0.2
24/07/1988,2.28,19.5,5.3
25/07/1988,2.35,19.5,0
26/07/1988,2.35,19.5,0
27/07/1988,2.27,19.5,0
28/07/1988,2.17,19.5,0
29/07/1988,2.08,19.5,0
30/07/1988,2.06,19.5,0
31/07/1988,2.01,19.5,0
01/08/1988,1.99,20.8,0
02/08/1988,2.06,20.8,0
03/08/1988,2.07,20.8,0
04/08/1988,2.07,20.8,0
05/08/1988,2.06,20.8,0
06/08/1988,1.99,20.8,0
07/08/1988,1.96,20.8,0
08/08/1988,1.89,20.8,0
09/08/1988,1.87,20.8,0
10/08/1988,1.8,20.8,0
11/08/1988,1.78,20.8,0
12/08/1988,1.71,20.8,0
13/08/1988,1.69,20.8,0
14/08/1988,1.62,20.8,0
15/08/1988,1.6,20.8,0
16/08/1988,1.52,20.8,0
17/08/1988,1.44,20.8,0
18/08/1988,1.35,20.8,0
19/08/1988,1.28,20.8,0.2
20/08/1988,1.28,20.8,0
21/08/1988,1.33,20.8,0
22/08/1988,1.27,20.8,0
23/08/1988,1.2,20.8,0
24/08/1988,1.18,20.8,0
25/08/1988,1.13,20.8,0
26/08/1988,1.11,20.8,0
27/08/1988,1.06,20.8,0
28/08/1988,1.1,20.8,0
29/08/1988,1.05,20.8,0.8
30/08/1988,1.04,20.8,0
31/08/1988,1.04,20.8,0
01/09/1988,1.21,22.4,13.2
02/09/1988,1.2,22.4,9.6
03/09/1988,1.18,22.4,0
04/09/1988,1.12,22.4,0
05/09/1988,1.05,22.4,0
06/09/1988,1.04,22.4,0
07/09/1988,1.04,22.4,0
08/09/1988,1.03,22.4,0
09/09/1988,0.98,22.4,0
10/09/1988,0.96,22.4,0
11/09/1988,0.9,22.4,0
12/09/1988,0.89,22.4,0
13/09/1988,0.89,22.4,0
14/09/1988,0.89,22.4,0
15/09/1988,0.83,22.4,0
16/09/1988,0.77,22.4,0
17/09/1988,0.75,22.4,0
18/09/1988,0.7,22.4,0
19/09/1988,0.69,22.4,0
20/09/1988,0.68,22.4,0
21/09/1988,0.63,22.4,0
22/09/1988,0.58,22.4,0
23/09/1988,0.56,22.4,0
24/09/1988,0.52,22.4,0
25/09/1988,0.51,22.4,0
26/09/1988,0.51,22.4,0
27/09/1988,0.51,22.4,0
28/09/1988,0.5,22.4,0
29/09/1988,0.46,22.4,0
30/09/1988,0.45,22.4,0
01/10/1988,0.45,16.7,0
02/10/1988,0.41,16.7,0
03/10/1988,0.41,16.7,0
04/10/1988,0.46,16.7,0
05/10/1988,0.55,16.7,0
06/10/1988,0.57,16.7,0
07/10/1988,0.57,16.7,0
08/10/1988,0.58,16.7,0
09/10/1988,0.68,16.7,0
10/10/1988,0.7,16.7,2.7
11/10/1988,0.76,16.7,7.1
12/10/1988,0.83,16.7,0.3
13/10/1988,0.89,16.7,4.5
14/10/1988,0.89,16.7,48.5
15/10/1988,0.89,16.7,1.4
16/10/1988,0.91,16.7,0
17/10/1988,1.02,16.7,4.4
18/10/1988,1.05,16.7,8.4
19/10/1988,1.11,16.7,18.3
20/10/1988,1.14,16.7,5.3
21/10/1988,1.24,16.7,0
22/10/1988,1.21,16.7,0
23/10/1988,1.27,16.7,36.2
24/10/1988,1.35,16.7,0
25/10/1988,1.45,16.7,0
26/10/1988,1.61,16.7,0
27/10/1988,1.78,16.7,12.2
28/10/1988,1.89,16.7,0
29/10/1988,2.07,16.7,0
30/10/1988,2.25,16.7,9.9
31/10/1988,2.33,16.7,9.7
01/11/1988,2.23,15,0
02/11/1988,2.27,15,0.2
03/11/1988,2.37,15,0
04/11/1988,2.47,15,0
05/11/1988,2.57,15,4.8
06/11/1988,2.75,15,1.9
07/11/1988,3.24,15,11.2
08/11/1988,3.24,15,23.3
09/11/1988,3.2,15,1.3
10/11/1988,3.02,15,0
11/11/1988,2.91,15,0
12/11/1988,2.88,15,0
13/11/1988,2.78,15,0
14/11/1988,2.68,15,0
15/11/1988,2.59,15,0
16/11/1988,2.57,15,0
17/11/1988,2.59,15,0
18/11/1988,2.66,15,0
19/11/1988,2.66,15,0
20/11/1988,2.57,15,0
21/11/1988,2.48,15,2.1
22/11/1988,2.47,15,0
23/11/1988,2.48,15,0
24/11/1988,2.57,15,0
25/11/1988,2.81,15,0
26/11/1988,3.55,15,0
27/11/1988,3.02,15,0
28/11/1988,2.99,15,0
29/11/1988,3.03,15,0
30/11/1988,3.23,15,31.5
01/12/1988,3.34,10.3,11.9
02/12/1988,3.33,10.3,4.1
03/12/1988,3.23,10.3,6.3
04/12/1988,3.09,10.3,0.3
05/12/1988,2.83,10.3,0.2
06/12/1988,2.77,10.3,0
07/12/1988,2.69,10.3,0
08/12/1988,2.66,10.3,0
09/12/1988,2.57,10.3,0
10/12/1988,2.48,10.3,0
11/12/1988,2.46,10.3,0
12/12/1988,2.38,10.3,0
13/12/1988,2.35,10.3,0
14/12/1988,2.28,10.3,0
15/12/1988,2.27,10.3,0
16/12/1988,2.25,10.3,0
17/12/1988,2.18,10.3,0
18/12/1988,2.16,10.3,0
19/12/1988,2.07,10.3,0
20/12/1988,1.99,10.3,0
21/12/1988,1.95,10.3,0
22/12/1988,1.81,10.3,0
23/12/1988,1.78,10.3,0
24/12/1988,1.7,10.3,0
25/12/1988,1.61,10.3,0
26/12/1988,1.52,10.3,1.4
27/12/1988,1.44,10.3,0
28/12/1988,1.35,10.3,0
29/12/1988,1.27,10.3,0
30/12/1988,1.19,10.3,0
31/12/1988,1.09,10.3,0
01/01/1989,0.98,10.4,0
02/01/1989,0.89,10.4,0
03/01/1989,0.83,10.4,0
04/01/1989,0.78,10.4,0
05/01/1989,1.05,10.4,0
06/01/1989,4.59,10.4,0
07/01/1989,6.5,10.4,0
08/01/1989,5.4,10.4,0.5
09/01/1989,4.74,10.4,30.5
10/01/1989,4.4,10.4,0
11/01/1989,3.96,10.4,0
12/01/1989,3.68,10.4,0
13/01/1989,3.33,10.4,0.9
14/01/1989,2.93,10.4,0
15/01/1989,2.77,10.4,0
16/01/1989,2.57,10.4,0
17/01/1989,2.38,10.4,0
18/01/1989,2.25,10.4,0
19/01/1989,2.07,10.4,0
20/01/1989,1.87,10.4,0
21/01/1989,1.62,10.4,0
22/01/1989,1.43,10.4,0
23/01/1989,1.21,10.4,0
24/01/1989,1.05,10.4,0
25/01/1989,0.97,10.4,0
26/01/1989,0.89,10.4,11.2
27/01/1989,0.83,10.4,0
28/01/1989,0.82,10.4,0
29/01/1989,0.82,10.4,0
30/01/1989,0.74,10.4,0
31/01/1989,0.52,10.4,0
01/02/1989,0.67,11.3,0
02/02/1989,0.75,11.3,1.3
03/02/1989,0.7,11.3,0
04/02/1989,0.69,11.3,0
05/02/1989,0.69,11.3,0
06/02/1989,0.69,11.3,0
07/02/1989,0.69,11.3,0
08/02/1989,0.69,11.3,0
09/02/1989,0.69,11.3,6.5
10/02/1989,0.7,11.3,4.4
11/02/1989,0.75,11.3,9.6
12/02/1989,0.77,11.3,0
13/02/1989,0.83,11.3,0
14/02/1989,0.89,11.3,0
15/02/1989,0.9,11.3,0
16/02/1989,0.98,11.3,0
17/02/1989,1.12,11.3,0
18/02/1989,1.27,11.3,0
19/02/1989,1.45,11.3,0
20/02/1989,1.69,11.3,0
21/02/1989,1.88,11.3,7.6
22/02/1989,2.07,11.3,0
23/02/1989,4.3,11.3,23.7
24/02/1989,11.03,11.3,50.1
25/02/1989,7.96,11.3,33.6
26/02/1989,8.64,11.3,28.3
27/02/1989,7.88,11.3,18.4
28/02/1989,7.58,11.3,47.9
01/03/1989,7.02,12.8,31.7
02/03/1989,6.06,12.8,6.8
03/03/1989,5.89,12.8,10.8
04/03/1989,5.77,12.8,0
05/03/1989,5.65,12.8,0
06/03/1989,5.61,12.8,0
07/03/1989,5.51,12.8,6.6
08/03/1989,5.48,12.8,0
09/03/1989,5.37,12.8,0
10/03/1989,5.34,12.8,0
11/03/1989,5.22,12.8,0
12/03/1989,5.08,12.8,0
13/03/1989,4.95,12.8,0
14/03/1989,4.82,12.8,0
15/03/1989,4.7,12.8,0
16/03/1989,4.67,12.8,9.1
17/03/1989,4.56,12.8,5.1
18/03/1989,4.45,12.8,0
19/03/1989,4.38,12.8,0
20/03/1989,4.09,12.8,0
21/03/1989,3.93,12.8,2.5
22/03/1989,3.81,12.8,0
23/03/1989,3.71,12.8,0
24/03/1989,3.68,12.8,0
25/03/1989,3.59,12.8,0
26/03/1989,3.56,12.8,0
27/03/1989,3.46,12.8,0
28/03/1989,3.35,12.8,41.7
29/03/1989,3.31,12.8,5.1
30/03/1989,3.13,12.8,0
31/03/1989,3.02,12.8,0
01/04/1989,2.97,10.4,0
02/04/1989,2.8,10.4,3.5
03/04/1989,2.68,10.4,14.4
04/04/1989,2.57,10.4,4.4
05/04/1989,2.48,10.4,0.9
06/04/1989,2.47,10.4,23.2
07/04/1989,2.47,10.4,1.3
08/04/1989,2.44,10.4,0
09/04/1989,2.29,10.4,31.1
10/04/1989,2.25,10.4,3.3
11/04/1989,2.19,10.4,9.3
12/04/1989,2.28,10.4,35
13/04/1989,2.46,10.4,44.7
14/04/1989,2.55,10.4,5.4
15/04/1989,2.48,10.4,0.4
16/04/1989,2.46,10.4,0
17/04/1989,2.37,10.4,0.3
18/04/1989,2.27,10.4,0
19/04/1989,2.17,10.4,0
20/04/1989,2.07,10.4,0
21/04/1989,1.98,10.4,0
22/04/1989,1.89,10.4,0
23/04/1989,1.87,10.4,1.9
24/04/1989,1.79,10.4,0
25/04/1989,1.71,10.4,0
26/04/1989,1.69,10.4,0
27/04/1989,1.62,10.4,0
28/04/1989,1.6,10.4,21.4
29/04/1989,1.53,10.4,0
30/04/1989,1.52,10.4,0
